postcode,population
AL1,36291
AL10,35391
AL2,23335
AL3,28025
AL4,27221
AL5,30486
AL6,11181
AL7,33974
AL8,13366
AL9,10641
B1,8514
B10,26004
B11,44391
B12,20548
B13,37672
B14,43099
B15,17872
B16,23619
B17,25625
B18,16739
B19,20204
B2,655
B20,34752
B21,29626
B23,42858
B24,28280
B25,15861
B26,32458
B27,25331
B28,30345
B29,42615
B3,2226
B30,29541
B31,53794
B32,38357
B33,34483
B34,18941
B35,9931
B36,35132
B37,35875
B38,21061
B4,4337
B40,9
B42,24262
B43,28796
B44,37447
B45,30273
B46,12188
B47,9560
B48,5685
B49,10097
B5,12156
B50,5517
B6,19507
B60,27178
B61,24316
B62,24112
B63,36590
B64,16616
B65,23581
B66,21491
B67,29853
B68,30924
B69,29011
B7,8554
B70,27772
B71,30934
B72,9660
B73,23071
B74,32012
B75,26863
B76,21509
B77,57219
B78,24227
B79,22302
B8,42278
B80,7055
B9,24915
B90,45652
B91,33280
B92,36119
B93,19505
B94,7298
B95,6000
B96,4968
B97,33402
B98,49783
BA1,40612
BA10,3843
BA11,32633
BA12,28544
BA13,20306
BA14,48041
BA15,12995
BA16,13011
BA2,73927
BA20,11240
BA21,33314
BA22,18102
BA3,34598
BA4,17781
BA5,17731
BA6,12840
BA7,3655
BA8,4165
BA9,7201
BB1,66805
BB10,37183
BB11,22428
BB12,34620
BB18,17063
BB2,59842
BB3,34200
BB4,41140
BB5,61420
BB6,14602
BB7,31641
BB8,23032
BB9,44588
BD1,3790
BD10,25694
BD11,10971
BD12,16821
BD13,24817
BD14,8860
BD15,15713
BD16,25630
BD17,17992
BD18,27292
BD19,22059
BD2,29799
BD20,35800
BD21,26636
BD22,29891
BD23,29515
BD24,5180
BD3,33336
BD4,31147
BD5,32021
BD6,29771
BD7,35214
BD8,31893
BD9,28532
BH1,19992
BH10,20068
BH11,19783
BH12,34966
BH13,8246
BH14,23785
BH15,33212
BH16,15430
BH17,22518
BH18,11861
BH19,11316
BH2,8431
BH20,20134
BH21,40648
BH22,26791
BH23,52852
BH24,23496
BH25,25809
BH3,5635
BH31,13310
BH4,9565
BH5,10816
BH6,22725
BH7,11495
BH8,28262
BH9,30964
BL0,17204
BL1,63209
BL2,46068
BL3,63944
BL4,33688
BL5,27064
BL6,29345
BL7,15290
BL8,36175
BL9,47942
BN1,84133
BN10,18568
BN11,32770
BN12,20417
BN13,27568
BN14,31007
BN15,27300
BN16,28131
BN17,28542
BN18,13232
BN2,93174
BN20,21401
BN21,24790
BN22,32826
BN23,28243
BN24,9155
BN25,23670
BN26,11452
BN27,27232
BN3,79624
BN41,20832
BN42,10201
BN43,22438
BN44,10188
BN45,580
BN5,7123
BN6,17588
BN7,21125
BN8,16105
BN9,13423
BR1,55962
BR2,44958
BR3,47411
BR4,19367
BR5,46011
BR6,46073
BR7,17322
BR8,22053
BS1,11544
BS10,27876
BS11,17430
BS13,29574
BS14,28656
BS15,47398
BS16,75733
BS2,15730
BS20,30042
BS21,23308
BS22,37701
BS23,34073
BS24,19035
BS25,6388
BS26,4934
BS27,6996
BS28,3339
BS29,2588
BS3,36447
BS30,30093
BS31,19955
BS32,24543
BS34,29908
BS35,21918
BS36,15654
BS37,38080
BS39,15391
BS4,47993
BS40,12549
BS41,6120
BS48,23193
BS49,11776
BS5,52461
BS6,33615
BS7,40530
BS8,26345
BS9,31160
CA1,24515
CA10,13928
CA11,22135
CA12,8047
CA13,15012
CA14,35832
CA15,16110
CA16,6187
CA17,4827
CA18,324
CA19,1112
CA2,39655
CA20,3312
CA21,814
CA22,9284
CA23,1492
CA24,1036
CA25,6091
CA26,3608
CA27,1660
CA28,28849
CA3,14069
CA4,9189
CA5,6757
CA6,8861
CA7,23057
CA8,10213
CA9,2138
CB1,48585
CB10,13788
CB11,17833
CB2,18261
CB21,15487
CB22,24052
CB23,30941
CB24,32900
CB25,18274
CB3,16104
CB4,41924
CB5,12092
CB6,38016
CB7,26687
CB8,33343
CB9,32864
CF10,15465
CF11,36147
CF14,77766
CF15,17987
CF23,46988
CF24,55163
CF3,42128
CF31,44829
CF32,29931
CF33,14645
CF34,20616
CF35,16356
CF36,15843
CF37,38329
CF38,23088
CF39,28868
CF40,20541
CF41,10724
CF42,13423
CF43,11884
CF44,39187
CF45,19550
CF46,14291
CF47,21974
CF48,27177
CF5,66021
CF61,9772
CF62,41719
CF63,21734
CF64,36348
CF71,8906
CF72,26110
CF81,16329
CF82,20162
CF83,55304
CH1,30527
CH2,34317
CH3,32095
CH4,32585
CH41,18677
CH42,31287
CH43,38582
CH44,30010
CH45,30795
CH46,25269
CH47,10998
CH48,15271
CH49,28896
CH5,42439
CH6,17070
CH60,13256
CH61,17323
CH62,28673
CH63,30558
CH64,19027
CH65,26411
CH66,35057
CH7,50264
CH8,20493
CM0,15970
CM1,62632
CM11,19283
CM12,20043
CM13,24715
CM14,19453
CM15,23277
CM16,22217
CM17,21268
CM18,24494
CM19,19307
CM2,58252
CM20,21241
CM21,10865
CM22,13712
CM23,40376
CM24,6752
CM3,53826
CM4,10032
CM5,10544
CM6,24941
CM7,48725
CM77,15475
CM8,33021
CM9,33205
CO1,15333
CO10,46604
CO11,12978
CO12,22251
CO13,12280
CO14,6660
CO15,43475
CO16,23608
CO2,34768
CO3,28502
CO4,47821
CO5,28207
CO6,28541
CO7,32912
CO8,2282
CO9,25189
CR0,153812
CR2,48428
CR3,28794
CR4,58289
CR5,28766
CR6,9881
CR7,44620
CR8,32307
CR9,339
CT1,30304
CT10,24962
CT11,29228
CT12,17774
CT13,8673
CT14,35248
CT15,13205
CT16,19793
CT17,21846
CT18,14357
CT19,28525
CT2,31029
CT20,22601
CT21,17215
CT3,17465
CT4,16595
CT5,32988
CT6,38595
CT7,11566
CT8,7368
CT9,43290
CV1,30924
CV10,49986
CV11,39525
CV12,31503
CV13,10552
CV2,63304
CV21,35141
CV22,35785
CV23,21968
CV3,63830
CV31,31562
CV32,32673
CV33,6256
CV34,31269
CV35,24537
CV36,9415
CV37,40439
CV4,32767
CV47,16836
CV5,46726
CV6,86375
CV7,27633
CV8,30759
CV9,21268
CW1,42353
CW10,14790
CW11,22321
CW12,29317
CW2,40752
CW3,9165
CW4,9306
CW5,29327
CW6,12302
CW7,31436
CW8,35261
CW9,33157
DA1,53065
DA10,6658
DA11,38618
DA12,47020
DA13,14194
DA14,21882
DA15,29123
DA16,35896
DA17,17129
DA18,4851
DA2,22446
DA3,16791
DA4,9286
DA5,20525
DA6,10054
DA7,34811
DA8,34767
DA9,13023
DE1,14443
DE11,43750
DE12,20693
DE13,40327
DE14,28975
DE15,24099
DE21,57024
DE22,46003
DE23,59979
DE24,54397
DE3,17098
DE4,33465
DE45,8764
DE5,22075
DE55,51182
DE56,39818
DE6,25602
DE65,23075
DE7,50000
DE72,20453
DE73,19046
DE74,11268
DE75,18589
DG14,7
DG16,58
DH1,49987
DH2,30650
DH3,25799
DH4,33367
DH5,19570
DH6,33466
DH7,41076
DH8,38382
DH9,36733
DL1,46836
DL10,18878
DL11,5035
DL12,12515
DL13,13901
DL14,37329
DL15,22472
DL16,19751
DL17,17732
DL2,17209
DL3,44095
DL4,10013
DL5,29224
DL6,15662
DL7,16087
DL8,18242
DL9,15753
DN1,8565
DN10,12313
DN11,28376
DN12,24164
DN14,46333
DN15,36607
DN16,31759
DN17,37207
DN18,11932
DN19,6296
DN2,24674
DN20,19373
DN21,37066
DN22,35943
DN3,30084
DN31,9600
DN32,29968
DN33,19536
DN34,19271
DN35,34580
DN36,19200
DN37,21707
DN38,2886
DN39,2785
DN4,53723
DN40,12234
DN41,6279
DN5,40593
DN6,31103
DN7,24523
DN8,17578
DN9,19800
DT1,19063
DT10,11901
DT11,30122
DT2,24674
DT3,23389
DT4,37011
DT5,12844
DT6,21669
DT7,5462
DT8,5893
DT9,20768
DY1,31930
DY10,35670
DY11,30311
DY12,12059
DY13,22334
DY14,8235
DY2,34384
DY3,34092
DY4,43166
DY5,42246
DY6,28148
DY7,8028
DY8,50208
DY9,30036
E1,69523
E10,42998
E11,55128
E12,41869
E13,46913
E14,82542
E15,52244
E16,45105
E17,103402
E18,19022
E1W,12691
E2,46341
E3,52181
E4,60262
E5,47669
E6,78955
E7,54565
E8,39275
E9,38442
EC1A,878
EC1M,2138
EC1N,2639
EC1R,4891
EC1V,13065
EC1Y,3928
EC2A,1510
EC2M,99
EC2N,5
EC2R,13
EC2V,24
EC2Y,3155
EC3A,44
EC3M,6
EC3N,257
EC3R,98
EC3V,16
EC4A,336
EC4M,140
EC4N,13
EC4R,39
EC4V,446
EC4Y,216
EN1,45679
EN10,17203
EN11,21478
EN2,29515
EN3,57042
EN4,25767
EN5,37724
EN6,29082
EN7,21884
EN8,35807
EN9,23599
EX1,21285
EX10,16778
EX11,7999
EX12,9306
EX13,11722
EX14,20810
EX15,21043
EX16,32234
EX17,19490
EX18,2958
EX19,3611
EX2,40668
EX20,20125
EX21,4405
EX22,10653
EX23,15620
EX24,3728
EX3,4722
EX31,25086
EX32,23896
EX33,10259
EX34,17320
EX35,1677
EX36,8540
EX37,3562
EX38,8264
EX39,37177
EX4,55148
EX5,18799
EX6,13740
EX7,12502
EX8,37440
EX9,6834
FY1,33551
FY2,24589
FY3,32027
FY4,44072
FY5,44800
FY6,27751
FY7,25939
FY8,43864
GL1,34257
GL10,13780
GL11,18185
GL12,15247
GL13,5699
GL14,15241
GL15,20759
GL16,13281
GL17,11547
GL18,7746
GL19,9216
GL2,52171
GL20,28354
GL3,30277
GL4,47346
GL5,31005
GL50,22687
GL51,51464
GL52,42962
GL53,19968
GL54,22250
GL55,5175
GL56,8565
GL6,24491
GL7,42660
GL8,8538
GL9,2587
GU1,29335
GU10,22584
GU11,23895
GU12,30938
GU14,55174
GU15,35008
GU16,23574
GU17,10884
GU18,6891
GU19,5618
GU2,33976
GU20,4329
GU21,50243
GU22,33075
GU23,6864
GU24,17561
GU25,5712
GU26,7355
GU27,17810
GU28,6781
GU29,9105
GU3,11466
GU30,9268
GU31,11026
GU32,12114
GU33,8403
GU34,29884
GU35,22680
GU4,15943
GU46,14823
GU47,18860
GU5,10704
GU51,23398
GU52,16070
GU6,14491
GU7,22785
GU8,17656
GU9,29837
HA0,48931
HA1,38479
HA2,55524
HA3,70816
HA4,50128
HA5,44781
HA6,21901
HA7,36046
HA8,66380
HA9,47692
HD1,23788
HD2,28726
HD3,29493
HD4,30174
HD5,31246
HD6,27293
HD7,22497
HD8,34313
HD9,35313
HG1,34465
HG2,33033
HG3,26342
HG4,26000
HG5,18374
HP1,24603
HP10,19395
HP11,14229
HP12,22148
HP13,42816
HP14,17365
HP15,17494
HP16,11956
HP17,9643
HP18,13534
HP19,23639
HP2,38478
HP20,14748
HP21,33493
HP22,24984
HP23,17599
HP27,12489
HP3,31930
HP4,23922
HP5,25277
HP6,14150
HP7,10592
HP8,6895
HP9,17213
HR1,32147
HR2,39167
HR3,7515
HR4,29989
HR5,4823
HR6,20525
HR7,7017
HR8,14179
HR9,20946
HU1,3405
HU10,19230
HU11,12361
HU12,25490
HU13,15073
HU14,8251
HU15,24215
HU16,16399
HU17,43515
HU18,8603
HU19,7120
HU2,4134
HU20,946
HU3,27015
HU4,23115
HU5,51120
HU6,33959
HU7,42175
HU8,34941
HU9,42152
HX1,24249
HX2,35994
HX3,45444
HX4,12143
HX5,10037
HX6,18828
HX7,13442
IG1,63585
IG10,31515
IG11,53851
IG2,28254
IG3,35543
IG4,9455
IG5,16959
IG6,27824
IG7,19996
IG8,35894
IG9,12817
IP1,39465
IP10,3209
IP11,29294
IP12,24344
IP13,18034
IP14,39112
IP15,2444
IP16,6560
IP17,10945
IP18,4055
IP19,9968
IP2,31026
IP20,7810
IP21,11054
IP22,21704
IP23,7224
IP24,27836
IP25,18164
IP26,9016
IP27,19018
IP28,24799
IP29,8811
IP3,34308
IP30,13753
IP31,21110
IP32,16905
IP33,24397
IP4,36429
IP5,19861
IP6,16150
IP7,16770
IP8,10817
IP9,11491
KT1,22283
KT10,21049
KT11,15328
KT12,36293
KT13,21712
KT14,13236
KT15,27040
KT16,18494
KT17,23409
KT18,17000
KT19,34520
KT2,31573
KT20,20281
KT21,13465
KT22,23919
KT23,11054
KT24,9040
KT3,38090
KT4,28690
KT5,20856
KT6,31384
KT7,10284
KT8,19534
KT9,21099
L1,7096
L10,14965
L11,25337
L12,31096
L13,30949
L14,25824
L15,30024
L16,15039
L17,24048
L18,28154
L19,23769
L2,935
L20,31529
L21,25388
L22,13815
L23,30236
L24,15951
L25,33214
L26,15156
L27,6415
L28,6376
L29,435
L3,17396
L30,19983
L31,30659
L32,20597
L33,17006
L34,12271
L35,30730
L36,39899
L37,23502
L38,2575
L39,28093
L4,40091
L40,18095
L5,12961
L6,23672
L7,18425
L8,32383
L9,32586
LA1,52136
LA10,3767
LA11,9827
LA12,20048
LA13,19084
LA14,38236
LA15,7913
LA16,3345
LA17,1146
LA18,8947
LA19,1048
LA2,22432
LA20,1229
LA21,1062
LA22,5022
LA23,9101
LA3,24587
LA4,26251
LA5,16353
LA6,12941
LA7,5110
LA8,8697
LA9,30644
LD1,11158
LD2,5645
LD3,19501
LD4,817
LD5,1105
LD6,2857
LD7,4738
LD8,4404
LE1,13369
LE10,47511
LE11,60318
LE12,61909
LE13,27092
LE14,17268
LE15,32521
LE16,34458
LE17,20773
LE18,32873
LE19,14788
LE2,119003
LE3,101091
LE4,96921
LE5,85629
LE6,11973
LE65,14162
LE67,58824
LE7,44745
LE8,34954
LE9,55170
LL11,38030
LL12,28346
LL13,34888
LL14,33617
LL15,10316
LL16,15874
LL17,5410
LL18,40469
LL19,19929
LL20,8127
LL21,6442
LL22,17890
LL23,4136
LL24,2056
LL25,501
LL26,4528
LL27,757
LL28,14145
LL29,20433
LL30,22010
LL31,9344
LL32,6502
LL33,3906
LL34,4347
LL35,865
LL36,4660
LL37,554
LL38,724
LL39,236
LL40,4210
LL41,6472
LL42,2545
LL43,487
LL44,1028
LL45,708
LL46,1856
LL47,537
LL48,2603
LL49,4502
LL51,888
LL52,2770
LL53,17142
LL54,11380
LL55,21444
LL56,2299
LL57,27588
LL58,3883
LL59,5611
LL60,2817
LL61,6335
LL62,1694
LL63,1339
LL64,1001
LL65,23565
LL66,264
LL67,1416
LL68,6115
LL69,735
LL70,269
LL71,1865
LL72,820
LL73,233
LL74,2389
LL75,1533
LL76,280
LL77,7085
LL78,502
LN1,28261
LN10,5977
LN11,28197
LN12,13244
LN13,7801
LN2,38730
LN3,8884
LN4,38539
LN5,32968
LN6,57576
LN7,6042
LN8,17235
LN9,9687
LS1,3887
LS10,35616
LS11,34737
LS12,40736
LS13,34757
LS14,34042
LS15,34715
LS16,36388
LS17,43193
LS18,19159
LS19,19898
LS2,9397
LS20,12319
LS21,17846
LS22,15747
LS23,9149
LS24,11820
LS25,40227
LS26,30320
LS27,35682
LS28,38405
LS29,31753
LS3,4968
LS4,9003
LS5,8755
LS6,47533
LS7,29437
LS8,47805
LS9,37383
LU1,43445
LU2,56481
LU3,61454
LU4,51547
LU5,38037
LU6,31299
LU7,53832
M1,12340
M11,20281
M12,16377
M13,23642
M14,53136
M15,21967
M16,35559
M17,17
M18,23432
M19,34838
M2,88
M20,49328
M21,29233
M22,42234
M23,31040
M24,47254
M25,31276
M26,34902
M27,41624
M28,39143
M29,22792
M3,11844
M30,36165
M31,8391
M32,28434
M33,60011
M34,46119
M35,20672
M38,13549
M4,10675
M40,41226
M41,41476
M43,23037
M44,19710
M45,22714
M46,22298
M5,15290
M50,3168
M6,32614
M60,1212
M7,27938
M8,30934
M9,39434
ME1,31145
ME10,47660
ME11,3398
ME12,36893
ME13,27727
ME14,31416
ME15,47958
ME16,30089
ME17,22067
ME18,6968
ME19,21682
ME2,39268
ME20,20645
ME3,26479
ME4,30269
ME5,51800
ME6,10235
ME7,51311
ME8,49253
ME9,20628
MK1,631
MK10,13825
MK11,7754
MK12,12480
MK13,18739
MK14,18720
MK15,7140
MK16,18622
MK17,17255
MK18,30581
MK19,11204
MK2,14296
MK3,22626
MK4,21731
MK40,31008
MK41,42499
MK42,44351
MK43,32869
MK44,15456
MK45,43277
MK46,9105
MK5,15571
MK6,28199
MK7,14550
MK8,12054
MK9,3492
N1,90964
N10,27537
N11,29882
N12,28757
N13,31712
N14,30241
N15,44569
N16,68636
N17,62963
N18,31954
N19,33790
N1C,7
N2,23880
N20,19211
N21,23584
N22,43025
N3,26599
N4,47286
N5,24725
N6,19548
N7,47204
N8,39674
N9,51449
NE1,8922
NE10,36136
NE11,16457
NE12,34659
NE13,12472
NE15,32569
NE16,25671
NE17,4890
NE18,959
NE19,2159
NE2,29720
NE20,11838
NE21,17260
NE22,18163
NE23,39251
NE24,37946
NE25,29944
NE26,19169
NE27,12335
NE28,44661
NE29,35988
NE3,53772
NE30,22006
NE31,20159
NE32,25359
NE33,27376
NE34,52220
NE35,6371
NE36,6839
NE37,21034
NE38,31232
NE39,8655
NE4,37949
NE40,15753
NE41,2076
NE42,12643
NE43,4533
NE44,1074
NE45,3707
NE46,15573
NE47,7734
NE48,4387
NE49,4403
NE5,48390
NE6,50914
NE61,32468
NE62,9507
NE63,27735
NE64,6248
NE65,19671
NE66,17479
NE67,969
NE68,1975
NE69,417
NE7,15591
NE70,1813
NE71,2966
NE8,33219
NE9,37590
NG1,13254
NG10,46882
NG11,37614
NG12,32916
NG13,21475
NG14,19375
NG15,40113
NG16,63697
NG17,72893
NG18,42281
NG19,51663
NG2,58658
NG20,26247
NG21,22118
NG22,26156
NG23,17435
NG24,44768
NG25,8993
NG3,48495
NG31,44279
NG32,12992
NG33,9709
NG34,40829
NG4,40807
NG5,87171
NG6,37861
NG7,57680
NG8,63920
NG9,73336
NN1,29267
NN10,38277
NN11,37441
NN12,23047
NN13,18522
NN14,43207
NN15,34455
NN16,29722
NN17,26796
NN18,32717
NN2,38120
NN29,11532
NN3,68995
NN4,46746
NN5,38058
NN6,33495
NN7,27341
NN8,49069
NN9,26248
NP10,23424
NP11,37446
NP12,33802
NP13,20069
NP15,8289
NP16,23802
NP18,17281
NP19,51656
NP20,50668
NP22,22058
NP23,33385
NP24,4962
NP25,15444
NP26,22595
NP4,44965
NP44,47345
NP7,26033
NP8,5345
NR1,24541
NR10,22761
NR11,17536
NR12,20479
NR13,26711
NR14,23681
NR15,15806
NR16,12051
NR17,15801
NR18,17462
NR19,20332
NR2,25783
NR20,19149
NR21,15894
NR22,906
NR23,3067
NR24,4409
NR25,8851
NR26,8416
NR27,11808
NR28,17342
NR29,20019
NR3,32753
NR30,30729
NR31,49980
NR32,38637
NR33,39592
NR34,22370
NR35,10883
NR4,22331
NR5,28834
NR6,24173
NR7,32050
NR8,20321
NR9,17160
NW1,60910
NW10,91959
NW11,32607
NW2,67621
NW3,52376
NW4,32026
NW5,31239
NW6,64352
NW7,25796
NW8,34166
NW9,60680
OL1,21425
OL10,27886
OL11,45593
OL12,46225
OL13,15300
OL14,15589
OL15,14635
OL16,37247
OL2,42194
OL3,15192
OL4,44266
OL5,10957
OL6,28681
OL7,16831
OL8,39680
OL9,40889
OX1,25619
OX10,26529
OX11,33280
OX12,25229
OX13,13497
OX14,44282
OX15,18023
OX16,46709
OX17,17199
OX18,25347
OX2,39693
OX20,4821
OX25,10085
OX26,33160
OX27,6847
OX28,27577
OX29,23068
OX3,43467
OX33,7555
OX39,6901
OX4,62058
OX44,8096
OX49,4243
OX5,23260
OX7,22913
OX9,14034
PE1,49188
PE10,22036
PE11,43066
PE12,39834
PE13,35183
PE14,20859
PE15,29869
PE16,10435
PE19,43793
PE2,44312
PE20,14123
PE21,42868
PE22,16823
PE23,8681
PE24,11679
PE25,21731
PE26,11766
PE27,19930
PE28,47969
PE29,29589
PE3,28896
PE30,44130
PE31,19911
PE32,15322
PE33,15805
PE34,13975
PE35,99
PE36,6362
PE37,10218
PE38,14856
PE4,28267
PE5,1453
PE6,35888
PE7,42722
PE8,17757
PE9,31075
PL1,22829
PL10,3453
PL11,10495
PL12,21886
PL13,9404
PL14,22867
PL15,20082
PL16,1889
PL17,10073
PL18,4896
PL19,16443
PL2,31457
PL20,12084
PL21,17741
PL22,3642
PL23,3410
PL24,10447
PL25,25538
PL26,26591
PL27,12081
PL28,4515
PL29,1060
PL3,30865
PL30,10302
PL31,14575
PL32,4148
PL33,1911
PL34,1755
PL35,939
PL4,36388
PL5,43236
PL6,40941
PL7,31533
PL8,5587
PL9,27953
PO1,29125
PO10,18268
PO11,17379
PO12,47769
PO13,34971
PO14,32372
PO15,22526
PO16,32612
PO17,6635
PO18,13225
PO19,30203
PO2,41644
PO20,32471
PO21,39544
PO22,28875
PO3,19843
PO30,30172
PO31,14535
PO32,8017
PO33,31004
PO34,2004
PO35,3657
PO36,16666
PO37,9225
PO38,12751
PO39,2532
PO4,43251
PO40,5519
PO41,2183
PO5,30299
PO6,40656
PO7,39953
PO8,33988
PO9,48666
PR1,72238
PR2,78732
PR25,30710
PR26,15387
PR3,37542
PR4,57802
PR5,40905
PR6,34641
PR7,55673
PR8,53876
PR9,42860
RG1,43280
RG10,18179
RG12,52209
RG14,37698
RG17,15203
RG18,19725
RG19,16916
RG2,37668
RG20,19256
RG21,26824
RG22,41986
RG23,12114
RG24,31488
RG25,8495
RG26,22373
RG27,20686
RG28,5766
RG29,7198
RG30,43731
RG31,27996
RG4,39164
RG40,26725
RG41,28230
RG42,25786
RG45,14220
RG5,25444
RG6,36839
RG7,31485
RG8,18698
RG9,23037
RH1,46680
RH10,65902
RH11,54793
RH12,43862
RH13,38023
RH14,14175
RH15,31286
RH16,33930
RH17,18956
RH18,4558
RH19,33639
RH2,26119
RH20,24754
RH3,4313
RH4,15634
RH5,16472
RH6,29479
RH7,8579
RH8,15274
RH9,5495
RM1,20067
RM10,38157
RM11,31339
RM12,34663
RM13,29013
RM14,26909
RM15,27444
RM16,41165
RM17,27310
RM18,16728
RM19,6532
RM2,13240
RM20,4982
RM3,40272
RM4,4290
RM5,19022
RM6,32913
RM7,28008
RM8,38998
RM9,36253
S1,9857
S10,48217
S11,34269
S12,34897
S13,30708
S14,9424
S17,15483
S18,24857
S2,45174
S20,31211
S21,20778
S25,20863
S26,25865
S3,19140
S32,5815
S33,4974
S35,41385
S36,27448
S4,13880
S40,34971
S41,36451
S42,28248
S43,40574
S44,21703
S45,13727
S5,60467
S6,58239
S60,38007
S61,35866
S62,19772
S63,37908
S64,30809
S65,35222
S66,45857
S7,17457
S70,38536
S71,45219
S72,25333
S73,26977
S74,17839
S75,43568
S8,45911
S80,29926
S81,37451
S9,27903
SA1,47397
SA10,30071
SA11,36624
SA12,32650
SA13,19517
SA14,33717
SA15,36976
SA16,8620
SA17,8976
SA18,29743
SA19,9662
SA2,38546
SA20,3515
SA3,26222
SA31,17254
SA32,7540
SA33,12607
SA34,5019
SA35,794
SA36,366
SA37,1399
SA38,4513
SA39,2610
SA4,44295
SA40,3098
SA41,1943
SA42,2248
SA43,12896
SA44,11421
SA45,1642
SA46,2666
SA47,1136
SA48,9225
SA5,36390
SA6,34017
SA61,14487
SA62,20896
SA63,1263
SA64,2379
SA65,4401
SA66,3200
SA67,6938
SA68,4179
SA69,3707
SA7,15013
SA70,9523
SA71,10342
SA72,10509
SA73,20364
SA8,12491
SA9,15068
SE1,66968
SE10,24343
SE11,21593
SE12,27355
SE13,41417
SE14,24781
SE15,64134
SE16,45864
SE17,32866
SE18,77895
SE19,27639
SE2,27329
SE20,22821
SE21,15257
SE22,29687
SE23,33687
SE24,18761
SE25,34521
SE26,28561
SE27,21412
SE28,29389
SE3,31755
SE4,28613
SE5,46752
SE6,53103
SE7,21050
SE8,27491
SE9,63082
SG1,51333
SG10,2089
SG11,8088
SG12,29711
SG13,16263
SG14,19110
SG15,5584
SG16,6091
SG17,12320
SG18,23938
SG19,24199
SG2,42070
SG3,7127
SG4,28916
SG5,31350
SG6,33250
SG7,13333
SG8,38197
SG9,9510
SK1,11231
SK10,39380
SK11,36888
SK12,19049
SK13,33104
SK14,46308
SK15,27625
SK16,19475
SK17,31914
SK2,29454
SK22,12221
SK23,17180
SK3,27923
SK4,34511
SK5,29538
SK6,50706
SK7,40669
SK8,58434
SK9,37930
SL0,11149
SL1,70367
SL2,53215
SL3,45192
SL4,43302
SL5,24177
SL6,77532
SL7,21059
SL8,6382
SL9,21032
SM1,38274
SM2,28293
SM3,21113
SM4,36338
SM5,38291
SM6,36303
SM7,18559
SN1,29453
SN10,31537
SN11,22500
SN12,25105
SN13,16489
SN14,28067
SN15,35164
SN16,13717
SN2,41193
SN25,35153
SN26,1763
SN3,51663
SN4,27358
SN5,32957
SN6,21218
SN7,13408
SN8,23983
SN9,8070
SO14,27233
SO15,41754
SO16,66350
SO17,19431
SO18,37078
SO19,55999
SO20,8119
SO21,19762
SO22,28546
SO23,22106
SO24,11417
SO30,32351
SO31,44742
SO32,19871
SO40,41930
SO41,31338
SO42,4978
SO43,4419
SO45,34996
SO50,46444
SO51,27163
SO52,6973
SO53,32472
SP1,21642
SP10,40508
SP11,23381
SP2,28825
SP3,11317
SP4,31302
SP5,22247
SP6,14104
SP7,13780
SP8,14512
SP9,10664
SR1,5336
SR2,33443
SR3,38726
SR4,41794
SR5,34639
SR6,30277
SR7,31185
SR8,35443
SS0,41212
SS1,26369
SS11,16804
SS12,18069
SS13,22057
SS14,25195
SS15,29968
SS16,29575
SS17,32518
SS2,36426
SS3,28501
SS4,20773
SS5,21851
SS6,32038
SS7,49121
SS8,38170
SS9,49984
ST1,29622
ST10,25399
ST11,9827
ST12,3597
ST13,28147
ST14,20789
ST15,21313
ST16,30791
ST17,39360
ST18,16611
ST19,14850
ST2,34047
ST20,6677
ST21,6045
ST3,67689
ST4,57096
ST5,82261
ST6,64695
ST7,53470
ST8,20197
ST9,11933
SW10,18510
SW11,70601
SW12,31390
SW13,15873
SW14,16718
SW15,60665
SW16,81560
SW17,64566
SW18,59838
SW19,77453
SW1A,415
SW1E,942
SW1H,694
SW1P,12968
SW1V,23153
SW1W,8123
SW1X,6505
SW1Y,633
SW2,54382
SW20,28423
SW3,22381
SW4,40539
SW5,15276
SW6,65263
SW7,19685
SW8,36782
SW9,43845
SY1,26458
SY10,15318
SY11,26716
SY12,8001
SY13,19220
SY14,5843
SY15,5408
SY16,16021
SY17,3749
SY18,4648
SY19,1035
SY2,17585
SY20,6917
SY21,17136
SY22,8854
SY23,30914
SY24,4707
SY25,4400
SY3,33658
SY4,24804
SY5,20711
SY6,7014
SY7,11160
SY8,18854
SY9,2821
TA1,39300
TA10,9334
TA11,9093
TA12,6280
TA13,3961
TA14,3079
TA15,749
TA16,1893
TA17,513
TA18,10136
TA19,11693
TA2,26680
TA20,20230
TA21,18339
TA22,2660
TA23,5498
TA24,18662
TA3,14239
TA4,19188
TA5,10266
TA6,46088
TA7,15166
TA8,16782
TA9,12579
TD12,1289
TD15,16927
TD5,10
TD9,105
TF1,37279
TF10,18828
TF11,9677
TF12,5378
TF13,3721
TF2,38698
TF3,23831
TF4,18285
TF5,5372
TF6,5183
TF7,17769
TF8,3027
TF9,25488
TN1,11935
TN10,16623
TN11,13928
TN12,29517
TN13,24932
TN14,15075
TN15,24543
TN16,19095
TN17,14467
TN18,6619
TN19,5051
TN2,28505
TN20,3451
TN21,16184
TN22,26429
TN23,39724
TN24,31580
TN25,15709
TN26,11194
TN27,12503
TN28,8645
TN29,13401
TN3,11836
TN30,9412
TN31,13658
TN32,5169
TN33,12550
TN34,29925
TN35,17270
TN36,2330
TN37,20670
TN38,28714
TN39,25809
TN4,31289
TN40,17390
TN5,8752
TN6,24887
TN7,2275
TN8,13145
TN9,17556
TQ1,31261
TQ10,3777
TQ11,4255
TQ12,53132
TQ13,22793
TQ14,19377
TQ2,34088
TQ3,30796
TQ4,18517
TQ5,19058
TQ6,8259
TQ7,16304
TQ8,2059
TQ9,17436
TR1,20589
TR10,11134
TR11,28734
TR12,9482
TR13,19808
TR14,24584
TR15,19549
TR16,15038
TR17,1557
TR18,19636
TR19,8973
TR2,9596
TR20,9524
TR21,1723
TR22,85
TR23,84
TR24,175
TR25,136
TR26,11681
TR27,14776
TR3,12212
TR4,11143
TR5,3803
TR6,3507
TR7,19909
TR8,8221
TR9,8402
TS1,17334
TS10,37249
TS11,11822
TS12,22493
TS13,10270
TS14,17548
TS15,12893
TS16,10422
TS17,45141
TS18,24719
TS19,37107
TS2,820
TS20,20846
TS21,12493
TS22,8662
TS23,30242
TS24,22255
TS25,38618
TS26,25279
TS27,12193
TS28,5318
TS29,6313
TS3,29393
TS4,17083
TS5,39396
TS6,30255
TS7,22058
TS8,21266
TS9,12832
TW1,26067
TW10,19585
TW11,23198
TW12,23229
TW13,36147
TW14,27986
TW15,27824
TW16,20480
TW17,14101
TW18,25462
TW19,16280
TW2,30276
TW20,24931
TW3,39598
TW4,27902
TW5,29306
TW6,16
TW7,37643
TW8,20330
TW9,21557
UB1,40346
UB10,33625
UB11,2
UB2,32365
UB3,48474
UB4,39573
UB5,45703
UB6,51088
UB7,29749
UB8,36152
UB9,14336
W10,33973
W11,31734
W12,48327
W13,32428
W14,37204
W1B,549
W1C,48
W1D,1242
W1F,1584
W1G,3059
W1H,6371
W1J,1396
W1K,2964
W1S,299
W1T,4304
W1U,5261
W1W,4014
W2,47710
W3,52043
W4,44335
W5,50008
W6,35739
W7,28947
W8,20427
W9,37724
WA1,21582
WA10,38525
WA11,40578
WA12,22189
WA13,12899
WA14,28237
WA15,42778
WA16,23417
WA2,40666
WA3,47610
WA4,47002
WA5,58499
WA6,18984
WA7,62819
WA8,61866
WA9,48831
WC1A,911
WC1B,1403
WC1E,2256
WC1H,8272
WC1N,7084
WC1R,599
WC1V,546
WC1X,8114
WC2A,151
WC2B,1831
WC2E,647
WC2H,2932
WC2N,861
WC2R,138
WD17,15828
WD18,24344
WD19,27538
WD23,25347
WD24,21827
WD25,27711
WD3,40833
WD4,11247
WD5,11491
WD6,37673
WD7,12637
WF1,34128
WF10,45279
WF11,17083
WF12,34490
WF13,27521
WF14,19892
WF15,17730
WF16,12296
WF17,43395
WF2,50906
WF3,32521
WF4,43092
WF5,21233
WF6,21358
WF7,20259
WF8,32358
WF9,39243
WN1,19742
WN2,52672
WN3,30189
WN4,28794
WN5,43845
WN6,39800
WN7,47823
WN8,46291
WR1,9231
WR10,17746
WR11,41600
WR12,5576
WR13,8274
WR14,34290
WR15,7196
WR2,29799
WR3,20397
WR4,26127
WR5,30933
WR6,12216
WR7,5348
WR8,8093
WR9,31012
WS1,26942
WS10,46710
WS11,42680
WS12,35108
WS13,26375
WS14,17652
WS15,36611
WS2,38872
WS3,50116
WS4,17015
WS5,21540
WS6,18283
WS7,29655
WS8,15660
WS9,26509
WV1,16423
WV10,56292
WV11,34832
WV12,25417
WV13,20903
WV14,46937
WV15,8415
WV16,17634
WV2,15148
WV3,29731
WV4,34296
WV5,15539
WV6,44689
WV7,6897
WV8,15926
WV9,7108
YO1,4869
YO10,30543
YO11,23199
YO12,40749
YO13,9923
YO14,11294
YO15,14085
YO16,25109
YO17,21248
YO18,10870
YO19,12740
YO21,14415
YO22,8538
YO23,19389
YO24,29671
YO25,33428
YO26,30456
YO30,26723
YO31,29605
YO32,28568
YO41,10963
YO42,14451
YO43,12311
YO51,5543
YO60,4583
YO61,13914
YO62,11979
YO7,20048
YO8,43547
